record_id,student_id,course_id,assignment_id,question_id,question_type,answer_format,score,max_score,has_feedback,knowledge_points
wrong_001,student_001,course_001,assignment_001,question_001,CALCULATION,html,8.36,10,True,
wrong_002,student_001,course_001,assignment_001,question_002,CALCULATION,html,2.62,10,True,
wrong_003,student_001,course_001,assignment_001,question_003,CALCULATION,html,8.36,10,True,
wrong_004,student_001,course_001,assignment_001,question_004,CALCULATION,html,8.36,10,True,
wrong_005,student_001,course_001,assignment_001,question_005,CALCULATION,html,3.44,10,True,
wrong_006,student_002,course_002,assignment_002,question_006,CALCULATION,html,6.72,10,True,
wrong_007,student_003,course_002,assignment_002,question_007,CALCULATION,html,9.18,10,True,
wrong_008,student_004,course_002,assignment_003,question_008,CALCULATION,html,8.0,10,True,向量组的秩;向量组线性无关的定义与判定;向量的线性表示;矩阵的初等列变换
wrong_009,student_004,course_002,assignment_003,question_009,CALCULATION,html,8.0,10,True,向量组的秩;三阶行列式的计算;向量组线性相关的判定
wrong_010,student_005,course_003,assignment_004,question_010,CALCULATION,html,8.0,10,False,矩阵相似的性质;齐次线性方程组的基础解系求解;施密特正交化方法;特征多项式的计算;向量的单位化
wrong_011,student_006,course_004,assignment_005,question_011,CALCULATION,html,8.0,10,True,线性方程组解的存在性与唯一性;向量的线性表示;三阶行列式的计算;增广矩阵的初等行变换
wrong_012,student_007,course_005,assignment_006,question_012,CALCULATION,html,7.0,10,True,向量在基下的坐标;基变换与过渡矩阵;三阶行列式的计算
wrong_013,student_008,course_006,assignment_007,question_013,CALCULATION,html,1.0,10,True,柱坐标下三重积分的计算;第一类换元积分法（凑微分法）;洛必达法则
wrong_014,student_009,course_006,assignment_007,question_014,SINGLE_CHOICE,text_latex,0.0,10,True,三重积分的柱面坐标变换;柱面坐标下的体积元;空间曲面的交线与投影
wrong_015,student_010,course_006,assignment_007,question_015,SINGLE_CHOICE,text_latex,0.0,10,True,三重积分的球面坐标变换;球面坐标的体积元;球面坐标中角度的取值范围
wrong_016,student_011,course_006,assignment_007,question_016,SINGLE_CHOICE,text_latex,0.0,10,True,二重积分的概念与计算;圆的面积公式
wrong_017,student_012,course_006,assignment_007,question_017,SINGLE_CHOICE,text_latex,0.0,10,True,二重积分的对称性;二重积分的计算;二重积分的线性性质
wrong_018,student_006,course_004,assignment_005,question_012,CALCULATION,html,9.0,10,True,向量在基下的坐标;基变换与过渡矩阵;三阶行列式的计算
wrong_019,student_013,course_004,assignment_005,question_011,CALCULATION,html,8.0,10,True,线性方程组解的存在性与唯一性;向量的线性表示;三阶行列式的计算;增广矩阵的初等行变换
wrong_020,student_007,course_005,assignment_006,question_018,CALCULATION,html,8.0,10,True,向量线性无关的定义;向量组的秩与线性相关性的关系;向量组的线性表示与矩阵乘法的关系;方阵可逆的充要条件;三阶行列式的计算
